{
    "id": -1,
    "name": "Gaïa",
    "coords_id": 15,
    "race": "lutin",
    "xp": 0,
    "pi": 0,
    "pr": 0,
    "malus": 0,
    "fatigue": 0,
    "godId": 0,
    "pf": 0,
    "rank": 1,
    "avatar": "img\/avatars\/ame\/lutin.webp",
    "portrait": "img\/portraits\/ame\/1.jpeg",
    "text": "Je suis nouveau, frappez-moi!",
    "story": "Je pr&eacute;f&egrave;re garder cela pour moi.",
    "quest": "gaia",
    "faction": "saruta_et_freres",
    "factionRole": 0,
    "secretFaction": "",
    "secretFactionRole": 0,
    "nextTurnTime": 0,
    "registerTime": 0,
    "lastActionTime": 0,
    "lastLoginTime": 0,
    "antiBerserkTime": 0,
    "lastTravelTime": 0
}