{
    "id": 1,
    "name": "Cradek",
    "coords_id": 15318,
    "race": "nain",
    "xp": 6,
    "pi": 6,
    "pr": 0,
    "malus": 0,
    "fatigue": 1,
    "godId": 0,
    "pf": 0,
    "rank": 1,
    "avatar": "img\/avatars\/nain\/5.png",
    "portrait": "img\/portraits\/nain\/45.jpeg",
    "text": "Je suis nouveau, frappez-moi!",
    "story": "Je pr&eacute;f&egrave;re garder cela pour moi.",
    "quest": "gaia",
    "faction": "forge_sacree",
    "factionRole": 0,
    "secretFaction": "",
    "secretFactionRole": 0,
    "nextTurnTime": 1736181320,
    "registerTime": 1736117307,
    "lastActionTime": 1736120127,
    "lastLoginTime": 1736120123,
    "antiBerserkTime": 16200,
    "lastTravelTime": 1736117842
}