{
    "id": 2,
    "name": "Dorna",
    "coords_id": 17004,
    "race": "nain",
    "xp": 6,
    "pi": 6,
    "pr": 0,
    "malus": 0,
    "fatigue": 1,
    "godId": 0,
    "pf": 0,
    "rank": 1,
    "avatar": "img\/avatars\/nain\/73.png",
    "portrait": "img\/portraits\/nain\/44.jpeg",
    "text": "Je suis nouveau, frappez-moi!",
    "story": "Je pr&eacute;f&egrave;re garder cela pour moi.",
    "quest": "gaia",
    "faction": "forge_sacree",
    "factionRole": 0,
    "secretFaction": "",
    "secretFactionRole": 0,
    "nextTurnTime": 1736181749,
    "registerTime": 1736118099,
    "lastActionTime": 1736120060,
    "lastLoginTime": 1736118569,
    "antiBerserkTime": 16200,
    "lastTravelTime": 1736118462
}