{
    "id": 3,
    "name": "Thyrias",
    "coords_id": 15472,
    "race": "elfe",
    "xp": 10,
    "pi": 10,
    "pr": 0,
    "malus": 0,
    "fatigue": 1,
    "godId": 0,
    "pf": 0,
    "rank": 1,
    "avatar": "img\/avatars\/elfe\/70.png",
    "portrait": "img\/portraits\/elfe\/33.jpeg",
    "text": "Je suis nouveau, frappez-moi!",
    "story": "Je pr&eacute;f&egrave;re garder cela pour moi.",
    "quest": "gaia",
    "faction": "eryn_dolen",
    "factionRole": 0,
    "secretFaction": "",
    "secretFactionRole": 0,
    "nextTurnTime": 1736184980,
    "registerTime": 1736120180,
    "lastActionTime": 1736120472,
    "lastLoginTime": 1736120194,
    "antiBerserkTime": 16200,
    "lastTravelTime": 0
}